forUser,info
true,"Stray animal overpopulation across ASEAN is a severe public health challenge."
true,"The stray crisis is not merely an animal welfare issue, but a systemic social problem."
true,"Despite existing policies, stray populations continue to grow due to governance gaps."
true,"Weak enforcement of animal welfare laws remains a major hurdle in ASEAN countries."
true,"The Philippines has animal protection laws, but implementation is often inconsistent."
true,"Limited resources and funding severely handicap local animal welfare initiatives."
true,"Poor monitoring systems make it difficult to track and protect vulnerable street animals."
true,"Animal welfare is often given low prioritization by local government units."
true,"Minimal accountability allows the neglect and abandonment of pets to persist."
true,"Irresponsible pet ownership thrives when there are no legal repercussions."
true,"Unregulated backyard breeding heavily contributes to the pet overpopulation crisis."
true,"Informal pet selling continuously adds animals to an already overwhelmed system."
true,"The online pet trade operates with dangerously little oversight."
true,"Commercial breeders frequently prioritize profit over the welfare of the animals."
true,"Unsold animals from the pet trade are tragically often abandoned on the streets."
true,"Overcrowded shelters cannot keep up with the influx of animals from illegal breeders."
true,"Many individuals lack basic knowledge about the importance of spaying and neutering."
true,"The adoption process is often misunderstood by the general public."
true,"People frequently underestimate the long-term responsibilities of pet ownership."
true,"A lack of awareness leads directly to uncontrolled animal reproduction."
true,"Impulsive pet ownership often results in regret and eventual abandonment."
true,"Studies directly link low public awareness to higher stray populations in urban areas."
true,"Rapid urban growth in ASEAN countries shrinks available living spaces for pets."
true,"Strict rental restrictions in urban apartments force many owners to give up their pets."
true,"Lifestyle changes and relocations are common reasons for pet abandonment."
true,"Pets are frequently abandoned when they become inconvenient to their owners."
true,"Densely populated cities struggle the most with increasing stray populations."
true,"Beliefs and cultural norms heavily dictate how animals are treated in communities."
true,"Some cultures view pets strictly as functional guards rather than family companions."
true,"Viewing animals merely as pest control diminishes their perceived value and welfare."
true,"A strong cultural preference for specific purebreds encourages buying over adopting."
true,"Certain cultural beliefs regarding cleanliness affect how people interact with stray animals."
true,"Cultural perspectives directly influence adoption rates and long-term pet care."
true,"The Philippines was estimated to have around 12 million stray dogs in 2024."
true,"Both Thailand and Indonesia struggle with millions of free-roaming street animals."
true,"Urban areas are the most heavily impacted by large, unmanaged cat and dog populations."
true,"Most local animal shelters are forced to operate far beyond their intended capacity."
true,"Rescue organizations rely almost entirely on private donations to survive."
true,"Without active intervention, stray populations multiply at alarming rates."
true,"A lack of widespread sterilization programs guarantees the continuation of the stray crisis."
true,"Adoption is universally recognized as one of the most effective ways to reduce strays."
true,"Choosing to adopt directly relieves the intense overcrowding in animal shelters."
true,"Adopting a pet prevents further breeding from unregulated commercial sources."
true,"Promoting adoption fosters a community culture of responsible pet ownership."
true,"Every adoption gives a rescued animal a much-needed second chance at life."
true,"The phrase 'Adopt Don't Shop' addresses both the supply and demand of the pet trade."
true,"Campus organizations across ASEAN are actively working to manage community cats."
true,"Local rescue groups rely heavily on adoption drives to find homes for rescues."
true,"Non-governmental organizations utilize social media to boost the visibility of strays."
true,"Collaborations with local veterinary clinics are crucial for spay and neuter programs."
true,"Despite many local efforts, animal welfare initiatives remain fragmented across ASEAN."
true,"The limited reach of individual rescue groups highlights the need for centralized systems."
true,"Centralized platforms are essential for connecting adopters with verified shelters."
true,"You can actively be part of the solution by choosing to adopt instead of buying."
true,"Supporting local spay and neuter programs prevents unwanted litters from being born."
true,"Sharing awareness about responsible ownership creates a positive ripple effect."
true,"Donating to or volunteering at local shelters directly saves animal lives."
true,"Owning a pet requires a lifelong commitment to their care and well-being."
true,"Unmanaged stray populations pose significant public health risks to communities."
true,"Rabies causes approximately 59,000 human deaths globally every single year."
true,"Governments are forced to increase spending on animal control due to overpopulation."
true,"Large stray populations create sanitation and hygiene issues in developing urban areas."
true,"Unvaccinated street animals increase safety concerns regarding bites and road accidents."
true,"Animal welfare is deeply intertwined with community health and economic stability."
true,"Human behavior and mindset play a massive role in the stray animal crisis."
true,"The persistent preference for buying breeds stifles the success of adoption programs."
true,"Selective adoption leaves many adult animals waiting in shelters for years."
true,"People often prefer adopting kittens and puppies over older, more mature animals."
true,"A lack of long-term commitment from adopters leads to returned rescue animals."
true,"Problematic adoption patterns lead to a sustained cycle of animal abandonment."
true,"Despite being a long-term solution, adoption is still heavily underutilized."
true,"Solving the stray crisis requires strict and consistent policy enforcement."
true,"Increased public education is necessary to change how society views street animals."
true,"Cultural and behavioral shifts must occur to prioritize animal welfare in the region."
true,"Accessible adoption systems make the process smoother for potential pet parents."
true,"Platforms like PurrPaws are designed specifically to bridge the gaps in animal adoption."
true,"Technology can make pet adoption more visible, accessible, and efficient."
true,"Connecting adopters, shelters, and organizations creates a stronger welfare network."
true,"Stray animals endure harsh conditions, including starvation, disease, and abuse."
true,"Community education campaigns can significantly reduce instances of animal cruelty."
true,"Trap-Neuter-Return (TNR) programs are a humane way to manage feral cat colonies."
true,"Microchipping pets helps reunite lost animals with their owners, preventing strays."
true,"Fostering a shelter animal temporarily frees up space for another rescue in need."
true,"The stigma against mixed-breed dogs, or Aspins, contributes to low adoption rates."
true,"Pusakals, or local street cats, make incredibly affectionate and resilient pets."
true,"Every purchased purebred pet essentially takes a home away from a shelter animal."
true,"Addressing the stray crisis requires collaboration between citizens and local governments."
true,"Vaccinating stray populations is a critical step in achieving a rabies-free community."
true,"Providing accessible veterinary care in low-income areas prevents pet abandonment."
true,"Rescue volunteers often suffer from compassion fatigue due to the scale of the crisis."
true,"Proper pet socialization reduces behavioral issues that often lead to abandonment."
true,"Animal welfare should be integrated into school curriculums to teach empathy early."
true,"Social media plays a vital role in sharing rescue stories and finding adopters."
true,"Adopting an older pet offers the benefit of skipping the chaotic puppy or kitten phase."
true,"Routine veterinary checkups are a non-negotiable part of responsible pet ownership."
true,"The adoption fee at a shelter is minimal compared to the cost of buying from a breeder."
true,"Shelters screen potential adopters to ensure animals are placed in safe, forever homes."
true,"An integrated digital platform can track adoption success rates across different regions."
true,"Streamlining the adoption process encourages more people to give rescue pets a chance."
true,"PurrPaws stands as a digital bridge to a more compassionate future for stray animals."
false,"All ASEAN countries operate under an identical and perfectly unified animal welfare law."
false,"There is a completely standardized, region-wide legal framework for animal protection in ASEAN."
false,"The Philippines completely lacks any established animal welfare laws or regulations."
false,"Animal protection standards and legal progress are perfectly even across every Southeast Asian nation."
false,"No ASEAN country has ever attempted to establish a legal framework for animal rights."
false,"The regulatory environment for animal welfare organizations in ASEAN is entirely uniform."
false,"ASEAN member states have successfully eradicated all policy differences regarding animal treatment."
false,"Legal protections for stray animals show absolutely zero variance from country to country."
false,"A unified ASEAN-wide policy dictates exactly how every local shelter must operate."
false,"Every ASEAN member state strictly enforces a single, identical set of pet ownership rules."
false,"Animal welfare laws in ASEAN boast a flawless, 100% enforcement rate."
false,"Government funding for animal welfare programs across the region is unlimited and readily available."
false,"Every ASEAN country utilizes incredibly strong and infallible monitoring systems for animal compliance."
false,"Animal welfare is universally ranked by ASEAN governments as the highest public priority."
false,"Existing animal protection policies translate immediately into massive real-world impacts with no gaps."
false,"There are absolutely no challenges regarding the governance and implementation of animal welfare laws."
false,"Non-compliance with animal welfare regulations in Southeast Asia is practically unheard of."
false,"Local governments are consistently overfunded specifically to manage and protect stray populations."
false,"Animal welfare policies on paper are always executed perfectly and consistently in real life."
false,"Accountability for animal cruelty and neglect is swift, consistent, and strictly enforced everywhere."
false,"All animal welfare organizations in ASEAN share a single, flawlessly centralized database."
false,"Data fragmentation is a completely solved issue within the ASEAN animal rescue community."
false,"Rescue organizations never use manual tracking systems or simple spreadsheets to manage their data."
false,"There is complete, real-time shared visibility of all adoptable animals across the entire region."
false,"Duplicate and lost adoption records are physically impossible with the current systems in place."
false,"Coordination across different animal rescue NGOs is universally seamless and highly efficient."
false,"An ASEAN-wide tracking system for all stray animals already exists and is fully operational."
false,"Social media platforms are never used by rescue groups to manage or track adoptions."
false,"Every animal shelter has instantaneous access to the records of every other shelter in the region."
false,"All pet adoptions in ASEAN are automatically logged into a unified government tracking portal."
false,"Data-driven decision making is effortless because all rescue data is perfectly organized in one central hub."
false,"NGOs and shelters have entirely eliminated the use of independent and localized data management systems."
false,"It is incredibly easy to track a rescued animal's history across different shelters and countries."
false,"The current digital infrastructure for animal welfare in ASEAN requires absolutely no improvements."
false,"Rescue organizations deliberately avoid centralized data systems because manual tracking is superior."
false,"Moving rescued animals across ASEAN borders is completely free of any regulatory complications."
false,"Import and export regulations for domestic pets are identical in every single ASEAN member state."
false,"Quarantine requirements for animals are perfectly standardized across the entire region."
false,"Documentation standards for animal relocation never vary between Southeast Asian countries."
false,"Cross-border rescue and relocation efforts face absolutely no bureaucratic or legal barriers."
false,"Relocating a rescued pet from Thailand to the Philippines requires zero paperwork or preparation."
false,"The high demand for adoptions easily and automatically overrides any cross-border logistical issues."
false,"ASEAN nations operate a completely open-border policy for the transport of rescued and shelter animals."
false,"It is significantly faster and easier to transport a rescue dog internationally within ASEAN than locally."
false,"Differing national regulations have never prevented or delayed a successful cross-border animal rescue."
false,"Every single rescue organization in ASEAN uses the exact same rigorous adoption screening process."
false,"Background checks for potential adopters are flawlessly standardized across the entire region."
false,"No rescue organization ever relies on basic forms or informal evaluations for approving adoptions."
false,"Unqualified adopters are completely non-existent due to universally perfect screening protocols."
false,"Animal neglect and pet return cases have been entirely eliminated by current adoption procedures."
false,"There is strict and universal accountability for every single pet placement made by any informal rescuer."
false,"Home checks and in-depth interviews are legally mandated for every single pet adoption in ASEAN."
false,"Inconsistent screening processes pose zero risks to the welfare or safety of adopted animals."
false,"Every adopter must pass a rigorously standardized government evaluation before adopting a pet."
false,"Standardization in background checking is unnecessary because informal evaluation methods work flawlessly."
false,"Animal welfare is strongly centralized and rigidly dictated by a single ASEAN governing body."
false,"ASEAN socio-cultural blueprints explicitly ban regional cooperation on animal welfare issues."
false,"National animal welfare policies are consistently and flawlessly implemented at every local level."
false,"The ASEAN animal welfare ecosystem is celebrated globally for its highly unified, region-wide approach."
false,"There is absolutely no regional fragmentation in how different countries handle stray animal populations."
false,"Every ASEAN government places animal welfare at the exact same level of political and economic importance."
false,"Regional cooperation on animal welfare is legally binding and aggressively monitored by international bodies."
false,"The comparative landscape of animal welfare in ASEAN shows absolutely no differences between member nations."
false,"No ASEAN country struggles with the enforcement or implementation of its own animal protection laws."
false,"ASEAN frameworks have completely eradicated the stray animal problem through strict centralization."
false,"A fully integrated, shared digital platform already connects every animal shelter and adopter in ASEAN."
false,"Interoperability between different animal welfare NGOs is at an all-time high with no room for improvement."
false,"Rescue groups have entirely abandoned manual tools in favor of advanced, connected software ecosystems."
false,"Efficiency in the pet adoption process has peaked and requires absolutely no further technological intervention."
false,"The reach to potential adopters is completely unhindered by technological or systemic limitations."
false,"Using disconnected and fragmented digital tools actually improves the efficiency of animal rescue operations."
false,"Shelters across the region are perfectly synchronized in their efforts to market adoptable pets."
false,"A lack of coordination has never been a limiting factor for the ASEAN animal welfare sector."
false,"All NGOs automatically share their adoption metrics in real-time on a massive, public regional dashboard."
false,"The reliance on fragmented digital tools has drastically and positively increased adoption success rates."
false,"Collaborations between NGOs and local governments are universally massive in scale and scope."
false,"Every single community animal initiative is fully funded directly by the national government."
false,"Spay and neuter programs are completely independent and never need to rely on veterinary partnerships."
false,"Government support for rabies vaccination drives is seamlessly integrated across all rural and urban regions."
false,"Volunteer work and private donations are no longer needed due to excessive government funding for shelters."
false,"NGO-government partnerships are never localized or restricted to small-scale community efforts."
false,"Local governments completely rely on small NGOs to write, dictate, and enforce national animal welfare laws."
false,"There are no limits or boundaries to the financial potential of current NGO-government collaborations."
false,"Rescue drives are always heavily funded, multi-regional operations spearheaded exclusively by the state."
false,"Veterinary clinics are strictly prohibited by law from collaborating with local animal rescue groups."
false,"Structured adoption workflows are universally implemented by every single rescuer and shelter in the region."
false,"Every adoptable animal in ASEAN comes with a perfectly detailed behavioral, medical, and health history profile."
false,"Post-adoption monitoring is legally required and consistently executed for 100% of adoptions across ASEAN."
false,"Deep integration with veterinary services is standard practice for every informal and independent rescuer."
false,"Best practices in shelter management are completely standardized, regulated, and enforced across all countries."
false,"Animal organizations in ASEAN completely refuse to share knowledge or best practices with one another."
false,"Collaborative campaigns like 'Adopt, Don't Shop' have zero regional impact and are never utilized."
false,"There is absolutely no potential or desire for a unified ASEAN adoption platform like PurrPaws."
false,"Shared databases for animals and adopters would actually worsen the stray overpopulation crisis."
false,"Real-time tracking systems would be entirely useless and detrimental to the animal welfare sector."
false,"Animal welfare organizations actively campaign against the creation of standardized adoption guidelines."
false,"Pushing for stronger policy enforcement mechanisms is generally discouraged by animal rights groups."
false,"A unified regional voice would do nothing to elevate the priority of animal welfare within ASEAN governments."
false,"Shifting from fragmented responses to coordinated regional solutions is considered a terrible and inefficient idea."
false,"The animal welfare ecosystem in ASEAN has already achieved perfect standardization, integration, and collaboration."